/*
SQLyog Ultimate v12.5.1 (64 bit)
MySQL - 5.7.30 : Database - shop
*********************************************************************
*/

/*!40101 SET NAMES utf8 */;

/*!40101 SET SQL_MODE=''*/;

/*!40014 SET @OLD_UNIQUE_CHECKS=@@UNIQUE_CHECKS, UNIQUE_CHECKS=0 */;
/*!40014 SET @OLD_FOREIGN_KEY_CHECKS=@@FOREIGN_KEY_CHECKS, FOREIGN_KEY_CHECKS=0 */;
/*!40101 SET @OLD_SQL_MODE=@@SQL_MODE, SQL_MODE='NO_AUTO_VALUE_ON_ZERO' */;
/*!40111 SET @OLD_SQL_NOTES=@@SQL_NOTES, SQL_NOTES=0 */;
CREATE DATABASE /*!32312 IF NOT EXISTS*/`shop` /*!40100 DEFAULT CHARACTER SET utf8mb4 */;

USE `shop`;

/*Table structure for table `admin` */

DROP TABLE IF EXISTS `admin`;

CREATE TABLE `admin` (
  `id` int(10) NOT NULL AUTO_INCREMENT COMMENT '管理员表id',
  `username` varchar(50) NOT NULL COMMENT '管理员名',
  `password` varchar(50) NOT NULL COMMENT '管理员密码',
  PRIMARY KEY (`id`)
) ENGINE=InnoDB AUTO_INCREMENT=2 DEFAULT CHARSET=utf8;

/*Data for the table `admin` */

insert  into `admin`(`id`,`username`,`password`) values 
(1,'admin','123456');

/*Table structure for table `mall_category` */

DROP TABLE IF EXISTS `mall_category`;

CREATE TABLE `mall_category` (
  `id` int(11) NOT NULL AUTO_INCREMENT COMMENT '类别Id',
  `parent_id` int(11) DEFAULT NULL COMMENT '父类别id当id=0时说明是根节点,一级类别',
  `name` varchar(50) DEFAULT NULL COMMENT '类别名称',
  `status` tinyint(1) DEFAULT '1' COMMENT '类别状态1-正常,2-已废弃',
  `sort_order` int(4) DEFAULT '1' COMMENT '排序编号,同类展示顺序,数值相等则自然排序',
  `create_time` datetime DEFAULT CURRENT_TIMESTAMP COMMENT '创建时间',
  `update_time` datetime DEFAULT CURRENT_TIMESTAMP ON UPDATE CURRENT_TIMESTAMP COMMENT '更新时间',
  PRIMARY KEY (`id`)
) ENGINE=InnoDB AUTO_INCREMENT=100010 DEFAULT CHARSET=utf8;

/*Data for the table `mall_category` */

insert  into `mall_category`(`id`,`parent_id`,`name`,`status`,`sort_order`,`create_time`,`update_time`) values 
(100001,0,'卧室家具',1,1,'2000-03-25 16:46:00','2021-03-24 16:03:04'),
(100002,0,'客厅家具',1,1,'2000-03-25 16:46:21','2021-03-24 16:03:21'),
(100003,0,'厨房家具',1,1,'2000-03-25 16:49:53','2021-03-24 16:03:28'),
(100004,0,'餐厅家具',1,1,'2000-03-25 16:50:19','2021-03-24 16:03:38'),
(100005,0,'古典家具',1,1,'2000-03-25 16:50:29','2021-03-24 16:03:43'),
(100006,0,'现代简约',1,1,'2000-03-25 16:52:15','2021-03-24 16:03:53'),
(100007,0,'轮播广告',1,1,'2000-03-25 16:46:00','2021-03-25 22:03:13'),
(100008,0,'下排广告',1,1,'2000-03-25 16:46:00','2021-03-26 00:52:05'),
(100009,0,'banner',1,1,'2000-03-25 16:46:00','2021-03-26 01:34:49');

/*Table structure for table `mall_order` */

DROP TABLE IF EXISTS `mall_order`;

CREATE TABLE `mall_order` (
  `id` int(11) NOT NULL AUTO_INCREMENT COMMENT '订单id',
  `order_no` bigint(20) DEFAULT NULL COMMENT '订单号',
  `user_id` int(11) DEFAULT NULL COMMENT '用户id',
  `shipping_id` int(11) DEFAULT NULL,
  `payment` decimal(20,2) DEFAULT NULL COMMENT '实际付款金额,单位是元,保留两位小数',
  `payment_type` int(4) DEFAULT NULL COMMENT '支付类型,1-在线支付',
  `postage` int(10) DEFAULT NULL COMMENT '运费,单位是元',
  `status` int(10) DEFAULT NULL COMMENT '订单状态:0-已取消-10-未付款，20-已付款，40-已发货，50-交易成功，60-交易关闭',
  `payment_time` datetime DEFAULT CURRENT_TIMESTAMP COMMENT '支付时间',
  `send_time` datetime DEFAULT CURRENT_TIMESTAMP COMMENT '发货时间',
  `end_time` datetime DEFAULT CURRENT_TIMESTAMP COMMENT '交易完成时间',
  `close_time` datetime DEFAULT CURRENT_TIMESTAMP COMMENT '交易关闭时间',
  `create_time` datetime DEFAULT CURRENT_TIMESTAMP COMMENT '创建时间',
  `update_time` datetime DEFAULT CURRENT_TIMESTAMP ON UPDATE CURRENT_TIMESTAMP COMMENT '更新时间',
  PRIMARY KEY (`id`),
  UNIQUE KEY `order_no_index` (`order_no`) USING BTREE
) ENGINE=InnoDB AUTO_INCREMENT=46 DEFAULT CHARSET=utf8;

/*Data for the table `mall_order` */

insert  into `mall_order`(`id`,`order_no`,`user_id`,`shipping_id`,`payment`,`payment_type`,`postage`,`status`,`payment_time`,`send_time`,`end_time`,`close_time`,`create_time`,`update_time`) values 
(1,1616499238626,1,6,999.00,1,0,40,NULL,NULL,NULL,NULL,NULL,'2021-03-28 15:09:47'),
(2,1616507403397,1,6,1998.00,1,0,40,NULL,NULL,NULL,NULL,NULL,'2021-03-28 15:08:55'),
(3,1616516108081,1,6,1998.00,1,0,0,'2021-03-24 00:15:07','2021-03-24 00:15:07','2021-03-24 00:15:07','2021-03-28 15:54:21','2021-03-24 00:15:07','2021-03-24 00:15:07'),
(4,1616517917546,1,6,999.00,1,0,0,'2021-03-24 00:45:17','2021-03-24 00:45:17','2021-03-24 00:45:17','2021-03-28 15:33:34','2021-03-24 00:45:17','2021-03-24 00:45:17'),
(5,1616562226840,1,6,1998.00,1,0,0,'2021-03-24 13:03:45','2021-03-24 13:03:45','2021-03-24 13:03:45','2021-03-28 15:38:24','2021-03-24 13:03:45','2021-03-24 13:03:45'),
(6,1616563761644,1,6,1998.00,1,0,20,'2021-03-24 13:29:20','2021-03-24 13:29:20','2021-03-24 13:29:20','2021-03-24 13:29:26','2021-03-24 13:29:20','2021-03-24 13:29:20'),
(7,1616565063145,1,6,2997.00,1,0,20,'2021-03-24 13:51:02','2021-03-24 13:51:02','2021-03-24 13:51:02','2021-03-24 13:51:02','2021-03-24 13:51:02','2021-03-24 13:51:02'),
(8,1616598872175,1,6,2079.00,1,0,10,'2021-03-24 23:14:31','2021-03-24 23:14:31','2021-03-24 23:14:31','2021-03-24 23:14:31','2021-03-24 23:14:31','2021-03-24 23:14:31'),
(9,1616600927757,1,6,7992.00,1,0,20,'2021-03-24 23:48:47','2021-03-24 23:48:47','2021-03-24 23:48:47','2021-03-24 23:48:47','2021-03-24 23:48:47','2021-03-24 23:48:47'),
(11,1616640885983,1,6,2567.00,1,0,20,'2021-03-25 10:54:45','2021-03-25 10:54:45','2021-03-25 10:54:45','2021-03-25 10:54:45','2021-03-25 10:54:45','2021-03-25 10:54:45'),
(12,1616640899447,1,6,2567.00,1,0,20,'2021-03-25 10:54:59','2021-03-25 10:54:59','2021-03-25 10:54:59','2021-03-25 10:54:59','2021-03-25 10:54:59','2021-03-25 10:54:59'),
(13,1616653723443,1,6,1080.00,1,0,40,'2021-03-25 14:28:42','2021-03-25 14:28:42','2021-03-25 14:28:42','2021-03-25 14:28:42','2021-03-25 14:28:42','2021-03-28 14:35:19'),
(14,1617434906237,20,8,2997.00,1,0,20,'2021-04-03 15:28:26','2021-04-03 15:28:26','2021-04-03 15:28:26','2021-04-03 15:28:26','2021-04-03 15:28:26','2021-04-03 15:28:26'),
(15,1617435988894,20,8,3566.00,1,0,10,'2021-04-03 15:46:28','2021-04-03 15:46:28','2021-04-03 15:46:28','2021-04-03 15:46:28','2021-04-03 15:46:28','2021-04-03 15:46:28'),
(16,1617436004404,20,8,2498.00,1,0,10,'2021-04-03 15:46:43','2021-04-03 15:46:43','2021-04-03 15:46:43','2021-04-03 15:46:43','2021-04-03 15:46:43','2021-04-03 15:46:43'),
(17,1617436013344,20,8,2758.00,1,0,10,'2021-04-03 15:46:52','2021-04-03 15:46:52','2021-04-03 15:46:52','2021-04-03 15:46:52','2021-04-03 15:46:52','2021-04-03 15:46:52'),
(18,1617436039528,20,8,1190.00,1,0,10,'2021-04-03 15:47:19','2021-04-03 15:47:19','2021-04-03 15:47:19','2021-04-03 15:47:19','2021-04-03 15:47:19','2021-04-03 15:47:19'),
(19,1617436051466,20,8,16716.00,1,0,10,'2021-04-03 15:47:31','2021-04-03 15:47:31','2021-04-03 15:47:31','2021-04-03 15:47:31','2021-04-03 15:47:31','2021-04-03 15:47:31'),
(20,1617436065322,20,8,2058.00,1,0,20,'2021-04-03 15:47:44','2021-04-03 15:47:44','2021-04-03 15:47:44','2021-04-03 15:47:44','2021-04-03 15:47:44','2021-04-03 15:47:44'),
(21,1617436332411,20,8,2058.00,1,0,10,'2021-04-03 15:52:12','2021-04-03 15:52:12','2021-04-03 15:52:12','2021-04-03 15:52:12','2021-04-03 15:52:12','2021-04-03 15:52:12'),
(22,1617436342579,20,8,139.00,1,0,10,'2021-04-03 15:52:22','2021-04-03 15:52:22','2021-04-03 15:52:22','2021-04-03 15:52:22','2021-04-03 15:52:22','2021-04-03 15:52:22'),
(23,1617436359130,20,8,1998.00,1,0,10,'2021-04-03 15:52:38','2021-04-03 15:52:38','2021-04-03 15:52:38','2021-04-03 15:52:38','2021-04-03 15:52:38','2021-04-03 15:52:38'),
(25,1617436395179,20,8,899.00,1,0,40,'2021-04-03 15:53:14','2021-04-03 15:53:14','2021-04-03 15:53:14','2021-04-03 15:53:14','2021-04-03 15:53:14','2021-04-03 20:06:05'),
(26,1617455897524,22,13,2758.00,1,0,20,'2021-04-03 21:18:16','2021-04-03 21:18:16','2021-04-03 21:18:16','2021-04-03 21:18:16','2021-04-03 21:18:16','2021-04-03 21:18:16'),
(27,1617456357783,22,14,999.00,1,0,20,'2021-04-03 21:25:56','2021-04-03 21:25:56','2021-04-03 21:25:56','2021-04-03 21:25:56','2021-04-03 21:25:56','2021-04-03 21:25:56'),
(28,1617456533809,22,14,999.00,1,0,20,'2021-04-03 21:28:53','2021-04-03 21:28:53','2021-04-03 21:28:53','2021-04-03 21:28:53','2021-04-03 21:28:53','2021-04-03 21:28:53'),
(29,1617456659040,22,15,999.00,1,0,20,'2021-04-03 21:30:58','2021-04-03 21:30:58','2021-04-03 21:30:58','2021-04-03 21:30:58','2021-04-03 21:30:58','2021-04-03 21:30:58'),
(30,1617456786158,22,14,3129.00,1,0,20,'2021-04-03 21:33:05','2021-04-03 21:33:05','2021-04-03 21:33:05','2021-04-03 21:33:05','2021-04-03 21:33:05','2021-04-03 21:33:05'),
(31,1617456884008,22,14,999.00,1,0,20,'2021-04-03 21:34:43','2021-04-03 21:34:43','2021-04-03 21:34:43','2021-04-03 21:34:43','2021-04-03 21:34:43','2021-04-03 21:34:43'),
(32,1617456908714,22,14,1568.00,1,0,20,'2021-04-03 21:35:07','2021-04-03 21:35:07','2021-04-03 21:35:07','2021-04-03 21:35:07','2021-04-03 21:35:07','2021-04-03 21:35:07'),
(33,1617456929287,1,6,1080.00,1,0,20,'2021-04-03 21:35:29','2021-04-03 21:35:29','2021-04-03 21:35:29','2021-04-03 21:35:29','2021-04-03 21:35:29','2021-04-03 21:35:29'),
(34,1617457058873,22,14,999.00,1,0,20,'2021-04-03 21:37:38','2021-04-03 21:37:38','2021-04-03 21:37:38','2021-04-03 21:37:38','2021-04-03 21:37:38','2021-04-03 21:37:38'),
(35,1617457082301,22,14,999.00,1,0,10,'2021-04-03 21:38:01','2021-04-03 21:38:01','2021-04-03 21:38:01','2021-04-03 21:38:01','2021-04-03 21:38:01','2021-04-03 21:38:01'),
(36,1617457140158,23,16,1080.00,1,0,20,'2021-04-03 21:39:00','2021-04-03 21:39:00','2021-04-03 21:39:00','2021-04-03 21:39:00','2021-04-03 21:39:00','2021-04-03 21:39:00'),
(37,1617457196031,23,16,999.00,1,0,40,'2021-04-03 21:39:55','2021-04-03 21:39:55','2021-04-03 21:39:55','2021-04-03 21:39:55','2021-04-03 21:39:55','2021-04-03 21:51:10'),
(39,1617457364781,24,17,999.00,1,0,40,'2021-04-03 21:42:44','2021-04-03 21:42:44','2021-04-03 21:42:44','2021-04-03 21:42:44','2021-04-03 21:42:44','2021-04-03 21:55:44'),
(40,1617718055796,1,6,5178.00,1,0,40,'2021-04-06 22:07:35','2021-04-06 22:07:35','2021-04-06 22:07:35','2021-04-06 22:07:35','2021-04-06 22:07:35','2021-04-06 22:08:28'),
(41,1620740278775,1,6,2058.00,1,0,10,'2021-05-11 21:38:00','2021-05-11 21:38:00','2021-05-11 21:38:00','2021-05-11 21:38:00','2021-05-11 21:38:00','2021-05-11 21:38:00'),
(42,1621005832860,25,17,70520.00,1,0,40,'2021-05-14 23:23:52','2021-05-14 23:23:52','2021-05-14 23:23:52','2021-05-14 23:23:52','2021-05-14 23:23:52','2021-05-14 23:26:05'),
(43,1621006381238,26,18,6174.00,1,0,40,'2021-05-14 23:33:00','2021-05-14 23:33:00','2021-05-14 23:33:00','2021-05-14 23:33:00','2021-05-14 23:33:00','2021-05-14 23:35:21'),
(44,1621010390227,27,19,8358.00,1,0,40,'2021-05-15 00:39:49','2021-05-15 00:39:49','2021-05-15 00:39:49','2021-05-15 00:39:49','2021-05-15 00:39:49','2021-05-15 00:41:26'),
(45,1621082350399,28,20,2997.00,1,0,40,'2021-05-15 20:39:09','2021-05-15 20:39:09','2021-05-15 20:39:09','2021-05-15 20:39:09','2021-05-15 20:39:09','2021-05-15 20:42:51');

/*Table structure for table `mall_order_item` */

DROP TABLE IF EXISTS `mall_order_item`;

CREATE TABLE `mall_order_item` (
  `id` int(11) NOT NULL AUTO_INCREMENT COMMENT '订单子表id',
  `user_id` int(11) DEFAULT NULL,
  `order_no` bigint(20) DEFAULT NULL,
  `product_id` int(11) DEFAULT NULL COMMENT '商品id',
  `product_name` varchar(100) DEFAULT NULL COMMENT '商品名称',
  `product_image` varchar(500) DEFAULT NULL COMMENT '商品图片地址',
  `current_unit_price` decimal(20,2) DEFAULT NULL COMMENT '生成订单时的商品单价，单位是元,保留两位小数',
  `quantity` int(10) DEFAULT NULL COMMENT '商品数量',
  `total_price` decimal(20,2) DEFAULT NULL COMMENT '商品总价,单位是元,保留两位小数',
  `create_time` datetime DEFAULT CURRENT_TIMESTAMP,
  `update_time` datetime DEFAULT CURRENT_TIMESTAMP ON UPDATE CURRENT_TIMESTAMP,
  PRIMARY KEY (`id`),
  KEY `order_no_index` (`order_no`) USING BTREE,
  KEY `order_no_user_id_index` (`user_id`,`order_no`) USING BTREE
) ENGINE=InnoDB AUTO_INCREMENT=62 DEFAULT CHARSET=utf8;

/*Data for the table `mall_order_item` */

insert  into `mall_order_item`(`id`,`user_id`,`order_no`,`product_id`,`product_name`,`product_image`,`current_unit_price`,`quantity`,`total_price`,`create_time`,`update_time`) values 
(1,1,1616499238626,36,'博洋家纺手动阀士大夫','https://img11.360buyimg.com/babel/s320x320_jfs/t18676/165/463537842/268746/ce0d50a8/5a7d559cNbdd66fb8.jpg',999.00,1,999.00,NULL,NULL),
(2,1,1616507403397,37,'博洋家纺手动阀士大夫','https://img11.360buyimg.com/babel/s320x320_jfs/t18676/165/463537842/268746/ce0d50a8/5a7d559cNbdd66fb8.jpg',999.00,1,999.00,NULL,NULL),
(3,1,1616507403397,35,'博洋家纺是答案是否手动阀手动阀手动阀','https://img11.360buyimg.com/babel/s320x320_jfs/t18676/165/463537842/268746/ce0d50a8/5a7d559cNbdd66fb8.jpg',999.00,1,999.00,NULL,NULL),
(4,1,1616516108081,36,'博洋家纺手动阀士大夫','https://img11.360buyimg.com/babel/s320x320_jfs/t18676/165/463537842/268746/ce0d50a8/5a7d559cNbdd66fb8.jpg',999.00,1,999.00,'2021-03-24 00:15:07','2021-03-24 00:15:07'),
(5,1,1616516108081,37,'博洋家纺手动阀士大夫','https://img11.360buyimg.com/babel/s320x320_jfs/t18676/165/463537842/268746/ce0d50a8/5a7d559cNbdd66fb8.jpg',999.00,1,999.00,'2021-03-24 00:15:07','2021-03-24 00:15:07'),
(6,1,1616517917546,41,'博洋家纺','https://img11.360buyimg.com/babel/s320x320_jfs/t18676/165/463537842/268746/ce0d50a8/5a7d559cNbdd66fb8.jpg',999.00,1,999.00,'2021-03-24 00:45:17','2021-03-24 00:45:17'),
(7,1,1616562226840,36,'博洋家纺手动阀士大夫','https://img11.360buyimg.com/babel/s320x320_jfs/t18676/165/463537842/268746/ce0d50a8/5a7d559cNbdd66fb8.jpg',999.00,1,999.00,'2021-03-24 13:03:45','2021-03-24 13:03:45'),
(8,1,1616562226840,38,'博洋家纺','https://img11.360buyimg.com/babel/s320x320_jfs/t18676/165/463537842/268746/ce0d50a8/5a7d559cNbdd66fb8.jpg',999.00,1,999.00,'2021-03-24 13:03:45','2021-03-24 13:03:45'),
(9,1,1616563761644,37,'博洋家纺手动阀士大夫','https://img11.360buyimg.com/babel/s320x320_jfs/t18676/165/463537842/268746/ce0d50a8/5a7d559cNbdd66fb8.jpg',999.00,1,999.00,'2021-03-24 13:29:20','2021-03-24 13:29:20'),
(10,1,1616563761644,42,'博洋家纺','https://img11.360buyimg.com/babel/s320x320_jfs/t18676/165/463537842/268746/ce0d50a8/5a7d559cNbdd66fb8.jpg',999.00,1,999.00,'2021-03-24 13:29:20','2021-03-24 13:29:20'),
(11,1,1616565063145,36,'博洋家纺手动阀士大夫','https://img11.360buyimg.com/babel/s320x320_jfs/t18676/165/463537842/268746/ce0d50a8/5a7d559cNbdd66fb8.jpg',999.00,1,999.00,'2021-03-24 13:51:02','2021-03-24 13:51:02'),
(12,1,1616565063145,38,'博洋家纺','https://img11.360buyimg.com/babel/s320x320_jfs/t18676/165/463537842/268746/ce0d50a8/5a7d559cNbdd66fb8.jpg',999.00,1,999.00,'2021-03-24 13:51:02','2021-03-24 13:51:02'),
(13,1,1616565063145,42,'博洋家纺','https://img11.360buyimg.com/babel/s320x320_jfs/t18676/165/463537842/268746/ce0d50a8/5a7d559cNbdd66fb8.jpg',999.00,1,999.00,'2021-03-24 13:51:02','2021-03-24 13:51:02'),
(14,1,1616598872175,33,'丽巢 床 实木床中式胡桃木单双人床大床','//img11.360buyimg.com/n7/jfs/t1/163378/7/14179/289532/6059533cEea3b9401/45202a7159f83883.jpg',1080.00,1,1080.00,'2021-03-24 23:14:31','2021-03-24 23:14:31'),
(15,1,1616598872175,35,'新尚美家单人床实木床松木成人床双人床','//img10.360buyimg.com/n7/jfs/t7552/201/199859419/179578/1aeb7dc6/59902e1dN8274d2d1.jpg',999.00,1,999.00,'2021-03-24 23:14:31','2021-03-24 23:14:31'),
(16,1,1616600927757,42,'博洋家纺','https://img11.360buyimg.com/babel/s320x320_jfs/t18676/165/463537842/268746/ce0d50a8/5a7d559cNbdd66fb8.jpg',999.00,8,7992.00,'2021-03-24 23:48:47','2021-03-24 23:48:47'),
(17,1,1616640868939,37,'木犁 胡桃木实木床现代简约1.8米软靠主卧双人床','//img11.360buyimg.com/n7/jfs/t1/161106/38/11620/337063/60484088Ef4c2f44b/a381dd95dcb42ae5.jpg',999.00,1,999.00,'2021-03-25 10:54:28','2021-03-25 10:54:28'),
(18,1,1616640868939,43,'莫美尼实木床现代中式卧室家具单人床','//img14.360buyimg.com/n7/jfs/t1/158013/4/7801/184438/60559de0Ea627f1c4/09bb261679ab4fa2.jpg',999.00,1,999.00,'2021-03-25 10:54:28','2021-03-25 10:54:28'),
(19,1,1616640885983,27,'蓓影 床北欧实木床1.8米松木床单人床','//img14.360buyimg.com/n7/jfs/t1/158293/7/7142/523427/602606a6Eb4a8b7de/abf642b748862db6.jpg',1568.00,1,1568.00,'2021-03-25 10:54:45','2021-03-25 10:54:45'),
(20,1,1616640885983,29,'简翔床北欧储物高箱双人床','//img12.360buyimg.com/n7/jfs/t1/117784/22/18584/479619/5f6b3bfbEe5173012/60a076c2d5820df1.jpg',999.00,1,999.00,'2021-03-25 10:54:45','2021-03-25 10:54:45'),
(21,1,1616640899447,35,'新尚美家单人床实木床松木成人床双人床','//img10.360buyimg.com/n7/jfs/t7552/201/199859419/179578/1aeb7dc6/59902e1dN8274d2d1.jpg',999.00,1,999.00,'2021-03-25 10:54:59','2021-03-25 10:54:59'),
(22,1,1616640899447,27,'蓓影 床北欧实木床1.8米松木床单人床','//img14.360buyimg.com/n7/jfs/t1/158293/7/7142/523427/602606a6Eb4a8b7de/abf642b748862db6.jpg',1568.00,1,1568.00,'2021-03-25 10:54:59','2021-03-25 10:54:59'),
(23,1,1616653723443,33,'丽巢 床 实木床中式胡桃木单双人床大床','//img11.360buyimg.com/n7/jfs/t1/163378/7/14179/289532/6059533cEea3b9401/45202a7159f83883.jpg',1080.00,1,1080.00,'2021-03-25 14:28:42','2021-03-25 14:28:42'),
(24,19,1616909442291,33,'丽巢 床 实木床中式胡桃木单双人床大床','//img11.360buyimg.com/n7/jfs/t1/163378/7/14179/289532/6059533cEea3b9401/45202a7159f83883.jpg',1080.00,1,1080.00,'2021-03-28 13:30:41','2021-03-28 13:30:41'),
(25,19,1616909442291,35,'新尚美家单人床实木床松木成人床双人床','//img10.360buyimg.com/n7/jfs/t7552/201/199859419/179578/1aeb7dc6/59902e1dN8274d2d1.jpg',999.00,1,999.00,'2021-03-28 13:30:41','2021-03-28 13:30:41'),
(26,20,1617434906237,72,'蓓影 床北欧实木床','//img10.360buyimg.com/cms/jfs/t1/3039/15/4167/121385/5b9bb1faE039c313b/ed6e5895607abaa3.jpg',999.00,3,2997.00,'2021-04-03 15:28:26','2021-04-03 15:28:26'),
(27,20,1617435988894,42,'博洋家纺','https://img11.360buyimg.com/babel/s320x320_jfs/t18676/165/463537842/268746/ce0d50a8/5a7d559cNbdd66fb8.jpg',999.00,1,999.00,'2021-04-03 15:46:28','2021-04-03 15:46:28'),
(28,20,1617435988894,43,'莫美尼实木床现代中式卧室家具单人床','//img14.360buyimg.com/n7/jfs/t1/158013/4/7801/184438/60559de0Ea627f1c4/09bb261679ab4fa2.jpg',999.00,1,999.00,'2021-04-03 15:46:28','2021-04-03 15:46:28'),
(29,20,1617435988894,27,'蓓影 床北欧实木床1.8米松木床单人床','//img14.360buyimg.com/n7/jfs/t1/158293/7/7142/523427/602606a6Eb4a8b7de/abf642b748862db6.jpg',1568.00,1,1568.00,'2021-04-03 15:46:28','2021-04-03 15:46:28'),
(30,20,1617436004404,36,'法馨 床 欧式床 双人 卧室家具皮床单人床法式床公主婚床','//img12.360buyimg.com/n7/jfs/t1/133535/10/18038/186439/5fc5f53eEd8ffb78b/69983a650f33f05c.jpg',999.00,1,999.00,'2021-04-03 15:46:43','2021-04-03 15:46:43'),
(31,20,1617436004404,64,'风之意 餐桌','//img13.360buyimg.com/n5/jfs/t1/42051/37/5340/165703/5cee2b2eE3be75b15/e9a1bc97c3c4f6e1.jpg',1499.00,1,1499.00,'2021-04-03 15:46:43','2021-04-03 15:46:43'),
(32,20,1617436013344,77,'IKEA宜家TYSSEDAL提赛尔床架','https://img.alicdn.com/imgextra/i1/2207239419714/O1CN01pDiuMG2Ld40d6Fbvj_!!2207239419714.png',2758.00,1,2758.00,'2021-04-03 15:46:52','2021-04-03 15:46:52'),
(33,20,1617436039528,75,'公熊家具 床实木床简约现代卧室','//img11.360buyimg.com/cms/jfs/t1/83320/32/10595/27284/5d804d60E823ee8d9/13283eb53f707ade.jpg',1190.00,1,1190.00,'2021-04-03 15:47:19','2021-04-03 15:47:19'),
(34,20,1617436051466,73,'优漫佳 儿童床实木高低床','//img12.360buyimg.com/cms/jfs/t1/31958/30/14489/32687/5cbea6cdEb8670921/43fdc33a6e897689.jpg',4179.00,4,16716.00,'2021-04-03 15:47:31','2021-04-03 15:47:31'),
(35,20,1617436065322,76,'雅之神 餐桌实木餐桌椅组合','//img11.360buyimg.com/cms/jfs/t1/112695/24/10893/43063/5ef7fd84E8c175890/4c5c8395164e83d3.jpg',2058.00,1,2058.00,'2021-04-03 15:47:44','2021-04-03 15:47:44'),
(36,20,1617436332411,74,'慕思 进口天然乳胶床垫','//img14.360buyimg.com/cms/jfs/t1/87578/36/16383/17171/5e7ac70eE5dc67a93/d7df994b59dc302f.jpg',2058.00,1,2058.00,'2021-04-03 15:52:12','2021-04-03 15:52:12'),
(37,20,1617436342579,63,'炊大皇 炒锅','//img13.360buyimg.com/n5/jfs/t1/165222/27/10933/365958/60457c7dEf8861e09/277a889ae7aac2cf.jpg',139.00,1,139.00,'2021-04-03 15:52:22','2021-04-03 15:52:22'),
(38,20,1617436359130,35,'新尚美家单人床实木床松木成人床双人床','//img10.360buyimg.com/n7/jfs/t7552/201/199859419/179578/1aeb7dc6/59902e1dN8274d2d1.jpg',999.00,2,1998.00,'2021-04-03 15:52:38','2021-04-03 15:52:38'),
(39,20,1617436376188,29,'简翔床北欧储物高箱双人床','//img12.360buyimg.com/n7/jfs/t1/117784/22/18584/479619/5f6b3bfbEe5173012/60a076c2d5820df1.jpg',999.00,1,999.00,'2021-04-03 15:52:55','2021-04-03 15:52:55'),
(40,20,1617436395179,62,'珞玲珑 电视柜茶几组合套装','//img10.360buyimg.com/n7/jfs/t1/125985/36/16019/218600/5f927e0cE1b4c812d/64158ea894bf0439.jpg',899.00,1,899.00,'2021-04-03 15:53:14','2021-04-03 15:53:14'),
(46,22,1617456884008,35,'新尚美家单人床实木床松木成人床双人床','//img10.360buyimg.com/n7/jfs/t7552/201/199859419/179578/1aeb7dc6/59902e1dN8274d2d1.jpg',999.00,1,999.00,'2021-04-03 21:34:43','2021-04-03 21:34:43'),
(47,22,1617456908714,27,'蓓影 床北欧实木床1.8米松木床单人床','//img14.360buyimg.com/n7/jfs/t1/158293/7/7142/523427/602606a6Eb4a8b7de/abf642b748862db6.jpg',1568.00,1,1568.00,'2021-04-03 21:35:07','2021-04-03 21:35:07'),
(48,1,1617456929287,33,'丽巢 床 实木床中式胡桃木单双人床大床','//img11.360buyimg.com/n7/jfs/t1/163378/7/14179/289532/6059533cEea3b9401/45202a7159f83883.jpg',1080.00,1,1080.00,'2021-04-03 21:35:29','2021-04-03 21:35:29'),
(49,22,1617457058873,42,'博洋家纺','https://img11.360buyimg.com/babel/s320x320_jfs/t18676/165/463537842/268746/ce0d50a8/5a7d559cNbdd66fb8.jpg',999.00,1,999.00,'2021-04-03 21:37:38','2021-04-03 21:37:38'),
(50,22,1617457082301,36,'法馨 床 欧式床 双人 卧室家具皮床单人床法式床公主婚床','//img12.360buyimg.com/n7/jfs/t1/133535/10/18038/186439/5fc5f53eEd8ffb78b/69983a650f33f05c.jpg',999.00,1,999.00,'2021-04-03 21:38:01','2021-04-03 21:38:01'),
(51,23,1617457140158,33,'丽巢 床 实木床中式胡桃木单双人床大床','//img11.360buyimg.com/n7/jfs/t1/163378/7/14179/289532/6059533cEea3b9401/45202a7159f83883.jpg',1080.00,1,1080.00,'2021-04-03 21:39:00','2021-04-03 21:39:00'),
(52,23,1617457196031,35,'新尚美家单人床实木床松木成人床双人床','//img10.360buyimg.com/n7/jfs/t7552/201/199859419/179578/1aeb7dc6/59902e1dN8274d2d1.jpg',999.00,1,999.00,'2021-04-03 21:39:55','2021-04-03 21:39:55'),
(53,24,1617457278058,35,'新尚美家单人床实木床松木成人床双人床','//img10.360buyimg.com/n7/jfs/t7552/201/199859419/179578/1aeb7dc6/59902e1dN8274d2d1.jpg',999.00,1,999.00,'2021-04-03 21:41:17','2021-04-03 21:41:17'),
(54,24,1617457364781,35,'新尚美家单人床实木床松木成人床双人床','//img10.360buyimg.com/n7/jfs/t7552/201/199859419/179578/1aeb7dc6/59902e1dN8274d2d1.jpg',999.00,1,999.00,'2021-04-03 21:42:44','2021-04-03 21:42:44'),
(55,1,1617718055796,73,'优漫佳 儿童床实木高低床','//img12.360buyimg.com/cms/jfs/t1/31958/30/14489/32687/5cbea6cdEb8670921/43fdc33a6e897689.jpg',4179.00,1,4179.00,'2021-04-06 22:07:35','2021-04-06 22:07:35'),
(56,1,1617718055796,29,'简翔床北欧储物高箱双人床','//img12.360buyimg.com/n7/jfs/t1/117784/22/18584/479619/5f6b3bfbEe5173012/60a076c2d5820df1.jpg',999.00,1,999.00,'2021-04-06 22:07:35','2021-04-06 22:07:35'),
(57,1,1620740278775,76,'雅之神 餐桌实木餐桌椅组合','//img11.360buyimg.com/cms/jfs/t1/112695/24/10893/43063/5ef7fd84E8c175890/4c5c8395164e83d3.jpg',2058.00,1,2058.00,'2021-05-11 21:38:00','2021-05-11 21:38:00'),
(58,25,1621005832860,71,'祥蕴阁红木家具非洲花梨','//img11.360buyimg.com/cms/jfs/t1/70183/21/12478/324402/5d9fe51dEb67febcd/bd6962b950c1cde9.jpg',35260.00,2,70520.00,'2021-05-14 23:23:52','2021-05-14 23:23:52'),
(59,26,1621006381238,74,'慕思 进口天然乳胶床垫','//img14.360buyimg.com/cms/jfs/t1/87578/36/16383/17171/5e7ac70eE5dc67a93/d7df994b59dc302f.jpg',2058.00,3,6174.00,'2021-05-14 23:33:00','2021-05-14 23:33:00'),
(60,27,1621010390227,73,'优漫佳 儿童床实木高低床','//img12.360buyimg.com/cms/jfs/t1/31958/30/14489/32687/5cbea6cdEb8670921/43fdc33a6e897689.jpg',4179.00,2,8358.00,'2021-05-15 00:39:49','2021-05-15 00:39:49'),
(61,28,1621082350399,37,'木犁 胡桃木实木床现代简约1.8米软靠主卧双人床','//img11.360buyimg.com/n7/jfs/t1/161106/38/11620/337063/60484088Ef4c2f44b/a381dd95dcb42ae5.jpg',999.00,3,2997.00,'2021-05-15 20:39:09','2021-05-15 20:39:09');

/*Table structure for table `mall_product` */

DROP TABLE IF EXISTS `mall_product`;

CREATE TABLE `mall_product` (
  `id` int(11) NOT NULL AUTO_INCREMENT COMMENT '商品id',
  `category_id` int(11) NOT NULL COMMENT '分类id,对应mall_category表的主键',
  `name` varchar(100) NOT NULL COMMENT '商品名称',
  `subtitle` varchar(200) DEFAULT NULL COMMENT '商品副标题',
  `main_image` varchar(500) DEFAULT NULL COMMENT '产品主图,url相对地址',
  `sub_images` text COMMENT '图片地址,json格式,扩展用',
  `detail` text COMMENT '商品详情',
  `price` decimal(20,2) NOT NULL COMMENT '价格,单位-元保留两位小数',
  `stock` int(11) NOT NULL COMMENT '库存数量',
  `status` int(6) DEFAULT '1' COMMENT '商品状态.1-在售 2-下架 3-删除',
  `create_time` datetime DEFAULT CURRENT_TIMESTAMP COMMENT '创建时间',
  `update_time` datetime DEFAULT CURRENT_TIMESTAMP ON UPDATE CURRENT_TIMESTAMP COMMENT '更新时间',
  PRIMARY KEY (`id`)
) ENGINE=InnoDB AUTO_INCREMENT=86 DEFAULT CHARSET=utf8;

/*Data for the table `mall_product` */

insert  into `mall_product`(`id`,`category_id`,`name`,`subtitle`,`main_image`,`sub_images`,`detail`,`price`,`stock`,`status`,`create_time`,`update_time`) values 
(27,100001,'蓓影 床北欧实木床1.8米松木床单人床','包邮送货上门安装.全实木','//img14.360buyimg.com/n7/jfs/t1/158293/7/7142/523427/602606a6Eb4a8b7de/abf642b748862db6.jpg','//img11.360buyimg.com/n1/jfs/t1/169846/21/6365/558362/602606a6Eb1b1217e/a8ee7b36c33ff3f1.jpg,//img11.360buyimg.com/n1/jfs/t1/169521/37/6457/616886/602606a6E044d03db/107dac3eeb30326d.jpg,//img11.360buyimg.com/n1/jfs/t1/166642/8/6345/525009/602607a3Ef52de4a4/1daa0adca7464a67.jpg,//img11.360buyimg.com/n5/jfs/t1/169521/37/6457/616886/602606a6E044d03db/107dac3eeb30326d.jpg','<p><img alt=\"miaoshu.jpg\" src=\"//img10.360buyimg.com/imgzone/jfs/t1/155177/32/18300/795792/60260819Ee2524ccd/5210015b033db0d2.jpg\" width=\"790\" height=\"444\"><br></p><p><img alt=\"miaoshu2.jpg\" src=\"//img10.360buyimg.com/imgzone/jfs/t1/158718/22/7189/228279/60260817E5e8be07d/f62cdf88972b2b79.jpg\" width=\"790\" height=\"1441\"><img alt=\"miaoshu3.jpg\" src=\"//img10.360buyimg.com/imgzone/jfs/t1/159500/38/6750/962392/60260819E0a8927bc/e0ea9369260b5b60.jpg\" width=\"790\" height=\"1442\"><img alt=\"miaoshu4.jpg\" src=\"//img10.360buyimg.com/imgzone/jfs/t1/170972/27/6405/477766/60260817E89600cab/01c5defc26a4cc4e.jpg\" width=\"790\" height=\"1441\"><br></p>',1568.00,95,1,'2000-04-13 18:51:54','2021-03-24 20:44:33'),
(29,100001,'简翔床北欧储物高箱双人床','厂家直销软靠大床婚床3年质保','//img12.360buyimg.com/n7/jfs/t1/117784/22/18584/479619/5f6b3bfbEe5173012/60a076c2d5820df1.jpg','//img13.360buyimg.com/n1/jfs/t1/138019/36/9098/335713/5f6b1d42E944d09f7/87a110c37101ce41.jpg,//img13.360buyimg.com/n1/jfs/t1/129500/29/13315/335502/5f6b1d43Eed0e90a8/06741d0ba404594d.jpg,//img13.360buyimg.com/n1/jfs/t1/113441/33/18476/389535/5f6b3917Ec2980d50/13202ba3e8d963ec.jpg,//img13.360buyimg.com/n1/jfs/t1/139232/40/9119/382742/5f6b1d42E3c5926a4/222e649f524764a2.jpg','<p><img alt=\"1TB2WLZrcIaK.eBjSspjXXXL.XXa_!!2114960396.jpg\" src=\"//img10.360buyimg.com/imgzone/jfs/t1/134225/4/10713/669323/5f6b1cd6Ef2b47e84/6ae8feabf52bf37f.jpg\" width=\"790\" height=\"920\"><img alt=\"2TB2zhOFbZCO.eBjSZFzXXaRiVXa_!!2114960396.jpg\" src=\"//img10.360buyimg.com/imgzone/jfs/t1/154739/40/626/399909/5f6b1cd5E6b6b3abd/a424f4a159099b33.jpg\" width=\"790\" height=\"1052\"><img alt=\"3TB27mCtb7WM.eBjSZFhXXbdWpXa_!!2114960396.jpg\" src=\"//img10.360buyimg.com/imgzone/jfs/t1/121810/4/13425/484725/5f6b1cd5E0efdacb1/d9da22d23ea430fc.jpg\" width=\"790\" height=\"820\"><br></p>',999.00,97,1,'2000-04-13 19:07:47','2021-03-24 20:44:26'),
(33,100001,'丽巢 床 实木床中式胡桃木单双人床大床','全场每满300减40,满3件8折','//img11.360buyimg.com/n7/jfs/t1/163378/7/14179/289532/6059533cEea3b9401/45202a7159f83883.jpg','//img10.360buyimg.com/n1/jfs/t1/118719/36/15144/228161/5f3ca05eE85938dc5/910afece15570ce9.jpg,//img10.360buyimg.com/n1/jfs/t1/118719/36/15144/228161/5f3ca05eE85938dc5/910afece15570ce9.jpg,//img10.360buyimg.com/n1/jfs/t1/144340/33/5807/218187/5f3ca051Eecea9cf6/42f070a03b2e83b8.jpg','<p><img alt=\"miaoshu.jpg\" src=\"https://img10.360buyimg.com/imgzone/jfs/t1/170661/17/14542/1074820/605aa9f2E462e709c/19189120a041cde4.jpg\" width=\"790\" height=\"444\"><br></p><p><img alt=\"miaoshu2.jpg\" src=\"https://img10.360buyimg.com/imgzone/jfs/t1/163940/25/14074/545070/60594271E2718823e/38e2556d6ee58b27.jpg\" width=\"790\" height=\"1441\"><img alt=\"miaoshu3.jpg\" src=\"http://img10.360buyimg.com/imgzone/jfs/t1/136587/34/16938/348551/5fb8e1e8E87abca33/528dd7c46f809856.jpg\" width=\"790\" height=\"1442\"><img alt=\"miaoshu4.jpg\" src=\"http://img10.360buyimg.com/imgzone/jfs/t1/157824/16/11701/308114/6046d369Ebf4111fb/dce9db0d571e6e08.jpg\" width=\"790\" height=\"1441\"><br></p>',1080.00,94,1,'2000-04-13 18:51:54','2021-03-24 20:44:18'),
(35,100001,'新尚美家单人床实木床松木成人床双人床','配送上楼到家，全实木床','//img10.360buyimg.com/n7/jfs/t7552/201/199859419/179578/1aeb7dc6/59902e1dN8274d2d1.jpg','//img10.360buyimg.com/n1/jfs/t5956/221/9288383902/522044/f3b0f65d/59902a48N0130ffea.jpg,//img10.360buyimg.com/n1/jfs/t1/33013/38/1620/156323/5ca76412Eb8951917/7e453b52a2342913.jpg,//img10.360buyimg.com/n1/jfs/t1/37766/9/5984/169006/5cc467a3E227f9e79/a566582c6ce11ed0.jpg','<p><img alt=\"10000.jpg\" src=\"//img10.360buyimg.com/imgzone/jfs/t30625/190/617235960/884581/b3878f2a/5bf96fa6Ne833e39d.jpg\" width=\"790\" height=\"553\"><br></p><p><img alt=\"20000.jpg\" src=\"//img10.360buyimg.com/imgzone/jfs/t26581/205/2138640988/928865/c85d29f7/5bf96fa8N65e8d48b.jpg\" width=\"790\" height=\"525\"><br></p><p><img alt=\"30000.jpg\" src=\"//img10.360buyimg.com/imgzone/jfs/t28891/65/618555622/1044165/bf323f2c/5bf96fabN1b8cf9bc.jpg\" width=\"790\" height=\"365\"><br></p><p><img alt=\"40000.jpg\" src=\"//img10.360buyimg.com/imgzone/jfs/t27952/143/314981208/1039881/1474031a/5bf96faeN631e1b70.jpg\" width=\"790\" height=\"525\"><br></p><p><img alt=\"50000.jpg\" src=\"//img10.360buyimg.com/imgzone/jfs/t26137/140/2102930359/477734/f17d8116/5bf96fafN83e83d71.jpg\" width=\"790\" height=\"525\"><br></p><p><img alt=\"60000.jpg\" src=\"//img10.360buyimg.com/imgzone/jfs/t30400/283/653656648/412670/ba417b36/5bf96fb0N09a60505.jpg\" width=\"790\" height=\"525\"><br></p><p><br></p><p><img alt=\"TB24p51hgFkpuFjSspnXXb4qFXa-1776456424.jpg\" src=\"//img10.360buyimg.com/imgzone/jfs/t27181/202/2103305546/854994/476a08ff/5bf96fb5Ne1fd4978.jpg\" width=\"790\" height=\"375\"><br></p><p><br></p><p><img alt=\"shouhou.jpg\" src=\"//img10.360buyimg.com/imgzone/jfs/t28048/237/681826131/948169/80d89b3e/5bf96fb9N0da70981.jpg\" width=\"750\" height=\"150\"><br></p><p><img alt=\"999.jpg\" src=\"//img10.360buyimg.com/imgzone/jfs/t30016/48/648894009/863337/99c1da22/5bf96fbbN971b1cce.jpg\" width=\"790\" height=\"351\"><br></p>',999.00,83,1,NULL,'2021-03-24 20:44:57'),
(36,100001,'法馨 床 欧式床 双人 卧室家具皮床单人床法式床公主婚床','【1件87折，多买多优惠】','//img12.360buyimg.com/n7/jfs/t1/133535/10/18038/186439/5fc5f53eEd8ffb78b/69983a650f33f05c.jpg','//img11.360buyimg.com/n5/jfs/t1/153193/32/7956/176926/5fc5f552E35fc467c/38a3d5fc04b6e57a.jpg,//img11.360buyimg.com/n5/jfs/t1/153193/32/7956/176926/5fc5f552E35fc467c/38a3d5fc04b6e57a.jpg,//img11.360buyimg.com/n5/jfs/t1/139538/38/2036/234598/5efe9cacEe40e247e/ee057af10442269e.jpg,//img11.360buyimg.com/n5/jfs/t1/109432/33/17896/354321/5ebd64ebEb13ac10d/3f69365e6c9ffbe2.jpg','<p><img alt=\"10000.jpg\" src=\"http://img10.360buyimg.com/imgzone/jfs/t1/157313/25/9332/795021/603dfe72E90aeaf0d/1906abd40fc1b5ac.jpg\" width=\"790\" height=\"553\"><br></p><p><img alt=\"20000.jpg\" src=\"http://img10.360buyimg.com/imgzone/jfs/t1/153522/39/11851/429226/5fe83a0dE806f3c0a/55e531b3ea2a5f4f.jpg\" width=\"790\" height=\"525\"><br></p><p><img alt=\"30000.jpg\" src=\"http://img10.360buyimg.com/imgzone/jfs/t1/143527/27/13019/242412/5f9fdd30E320a76c7/7ccc0533f455a465.jpg\" width=\"790\" height=\"365\"><br></p><p><img alt=\"40000.jpg\" src=\"http://img10.360buyimg.com/imgzone/jfs/t1/143527/27/13019/242412/5f9fdd30E320a76c7/7ccc0533f455a465.jpg\" width=\"790\" height=\"525\"><br></p><p><img alt=\"50000.jpg\" src=\"http://img10.360buyimg.com/imgzone/jfs/t1/135601/27/14226/352479/5f9fdda5Eb90be3d5/c26e57cbd074046a.jpg\" width=\"790\" height=\"525\"><br></p><p><img alt=\"60000.jpg\" src=\"http://img10.360buyimg.com/imgzone/jfs/t1/142124/24/9638/502343/5f730956E96160bb1/8c35b73bef152380.jpg\" width=\"790\" height=\"525\"><br></p><p><br></p><p><img alt=\"TB24p51hgFkpuFjSspnXXb4qFXa-1776456424.jpg\" src=\"http://img10.360buyimg.com/imgzone/jfs/t1/124955/18/13794/190157/5f730955Eae108fe0/82566a2aad202099.jpg\" width=\"790\" height=\"375\"><br></p><p><br></p><p><img alt=\"shouhou.jpg\" src=\"http://img10.360buyimg.com/imgzone/jfs/t1/127541/37/13857/445439/5f730959E71d5618d/0d504fa9b6ce3a63.jpg\" width=\"750\" height=\"150\"><br></p><p><img alt=\"999.jpg\" src=\"http://img10.360buyimg.com/imgzone/jfs/t1/139876/40/9693/243002/5f730957Eedadfd30/7aa9c2fad2d8275b.jpg\" width=\"790\" height=\"351\"><br></p>',999.00,90,1,NULL,'2021-03-24 20:44:07'),
(37,100001,'木犁 胡桃木实木床现代简约1.8米软靠主卧双人床','木犁官方旗舰店','//img11.360buyimg.com/n7/jfs/t1/161106/38/11620/337063/60484088Ef4c2f44b/a381dd95dcb42ae5.jpg','241997c4-9e62-4824-b7f0-7425c3c28917.jpeg,b6c56eb0-1748-49a9-98dc-bcc4b9788a54.jpeg,92f17532-1527-4563-aa1d-ed01baa0f7b2.jpeg,3adbe4f7-e374-4533-aa79-cc4a98c529bf.jpeg','<p><img alt=\"10000.jpg\" src=\"http://img.springboot.cn/00bce8d4-e9af-4c8d-b205-e6c75c7e252b.jpg\" width=\"790\" height=\"553\"><br></p><p><img alt=\"20000.jpg\" src=\"http://img.springboot.cn/4a70b4b4-01ee-46af-9468-31e67d0995b8.jpg\" width=\"790\" height=\"525\"><br></p><p><img alt=\"30000.jpg\" src=\"http://img.springboot.cn/0570e033-12d7-49b2-88f3-7a5d84157223.jpg\" width=\"790\" height=\"365\"><br></p><p><img alt=\"40000.jpg\" src=\"http://img.springboot.cn/50515c02-3255-44b9-a829-9e141a28c08a.jpg\" width=\"790\" height=\"525\"><br></p><p><img alt=\"50000.jpg\" src=\"http://img.springboot.cn/c138fc56-5843-4287-a029-91cf3732d034.jpg\" width=\"790\" height=\"525\"><br></p><p><img alt=\"60000.jpg\" src=\"http://img.springboot.cn/c92d1f8a-9827-453f-9d37-b10a3287e894.jpg\" width=\"790\" height=\"525\"><br></p><p><br></p><p><img alt=\"TB24p51hgFkpuFjSspnXXb4qFXa-1776456424.jpg\" src=\"http://img.springboot.cn/bb1511fc-3483-471f-80e5-c7c81fa5e1dd.jpg\" width=\"790\" height=\"375\"><br></p><p><br></p><p><img alt=\"shouhou.jpg\" src=\"http://img.springboot.cn/698e6fbe-97ea-478b-8170-008ad24030f7.jpg\" width=\"750\" height=\"150\"><br></p><p><img alt=\"999.jpg\" src=\"http://img.springboot.cn/ee276fe6-5d79-45aa-8393-ba1d210f9c89.jpg\" width=\"790\" height=\"351\"><br></p>',999.00,89,1,NULL,'2021-03-24 20:45:12'),
(42,100001,'博洋家纺','40支床品套件床单人床上四件套双人被套四件套','https://img11.360buyimg.com/babel/s320x320_jfs/t18676/165/463537842/268746/ce0d50a8/5a7d559cNbdd66fb8.jpg','https://img11.360buyimg.com/babel/s320x320_jfs/t18676/165/463537842/268746/ce0d50a8/5a7d559cNbdd66fb8.jpg,http://img13.360buyimg.com/n1/jfs/t21136/12/1464542793/174501/1c4945b2/5b2a659cN46988c84.jpg,http://img13.360buyimg.com/n1/jfs/t15556/353/2060897124/114485/2c8f4c88/5a7a5e92N13562ac3.jpg,http://img13.360buyimg.com/n1/jfs/t15349/164/2133414477/116318/938c628e/5a7a5e92Ncf741667.jpg','<p><img alt=\"10000.jpg\" src=\"//img10.360buyimg.com/imgzone/jfs/t1/157444/29/14944/120384/6059852eEa4659be5/6f228e4de160e606.jpg\" width=\"790\" height=\"553\"><br></p><p><img alt=\"20000.jpg\" src=\"//img10.360buyimg.com/imgzone/jfs/t1/161007/26/14475/95990/6059852eE49bf447c/99f20eb7997c0eb3.jpg\" width=\"750\" height=\"675\"><br></p><p><img alt=\"30000.jpg\" src=\"//img10.360buyimg.com/imgzone/jfs/t1/165940/10/14380/128906/6059852fE10d79ef5/3a0bd986b71ce279.jpg\" width=\"750\" height=\"1023\"><br></p><p><img alt=\"40000.jpg\" src=\"//img10.360buyimg.com/imgzone/jfs/t1/158669/27/15229/219075/6059852fE13b7aa9d/4a620aa820925b55.jpg\" width=\"750\" height=\"1328\"><br></p><p><img alt=\"50000.jpg\" src=\"//img10.360buyimg.com/imgzone/jfs/t1/159189/33/14976/100764/6059852fE5e40fd4e/8bda84394dad9110.jpg\" width=\"750\" height=\"777\"><br></p><p><img alt=\"60000.jpg\" src=\"//img10.360buyimg.com/imgzone/jfs/t1/163448/2/14210/124391/6059852fE3d9e544f/2d6e05dba4f0d4f1.jpg\" width=\"750\" height=\"828\"><br></p><p><br></p><p><img alt=\"TB24p51hgFkpuFjSspnXXb4qFXa-1776456424.jpg\" src=\"//img10.360buyimg.com/imgzone/jfs/t1/161326/36/14458/112968/60598530E02b012ec/04ec59b052ac2163.jpg\" width=\"750\" height=\"1152\"><br></p><p><br></p><p><img alt=\"shouhou.jpg\" src=\"//img10.360buyimg.com/imgzone/jfs/t1/163954/20/13889/110938/60598530E8479d3ed/a802bfe31fb646ee.jpg\" width=\"750\" height=\"855\"><br></p><p><img alt=\"999.jpg\" src=\"//img10.360buyimg.com/imgzone/jfs/t1/171240/36/14159/72174/60598530E0089126a/d97aac911449b10c.jpg\" width=\"750\" height=\"696\"><br></p>',999.00,84,1,NULL,'2021-03-24 20:39:25'),
(43,100001,'莫美尼实木床现代中式卧室家具单人床','全场爆款直降底价放送','//img14.360buyimg.com/n7/jfs/t1/158013/4/7801/184438/60559de0Ea627f1c4/09bb261679ab4fa2.jpg','//img11.360buyimg.com/n1/jfs/t1/166111/10/11472/371779/60483b8eE6604081c/eb4cbdc947fc18de.jpg,//img11.360buyimg.com/n1/jfs/t1/171147/33/11594/375313/6048987aE0876cb4d/6838544b58c7153d.jpg,//img11.360buyimg.com/n1/jfs/t1/166581/22/11646/385376/60483b8eE2d5cfd10/7d112a79366a8691.jpg,//img11.360buyimg.com/n1/jfs/t1/166111/10/11472/371779/60483b8eE6604081c/eb4cbdc947fc18de.jpg','<p><img alt=\"10000.jpg\" src=\"https://img11.360buyimg.com/babel/s320x320_jfs/t18676/165/463537842/268746/ce0d50a8/5a7d559cNbdd66fb8.jpg\" width=\"790\" height=\"553\"><br></p><p><img alt=\"20000.jpg\" src=\"http://img.springboot.cn/4a70b4b4-01ee-46af-9468-31e67d0995b8.jpg\" width=\"790\" height=\"525\"><br></p><p><img alt=\"30000.jpg\" src=\"http://img.springboot.cn/0570e033-12d7-49b2-88f3-7a5d84157223.jpg\" width=\"790\" height=\"365\"><br></p><p><img alt=\"40000.jpg\" src=\"http://img.springboot.cn/50515c02-3255-44b9-a829-9e141a28c08a.jpg\" width=\"790\" height=\"525\"><br></p><p><img alt=\"50000.jpg\" src=\"http://img.springboot.cn/c138fc56-5843-4287-a029-91cf3732d034.jpg\" width=\"790\" height=\"525\"><br></p><p><img alt=\"60000.jpg\" src=\"http://img.springboot.cn/c92d1f8a-9827-453f-9d37-b10a3287e894.jpg\" width=\"790\" height=\"525\"><br></p><p><br></p><p><img alt=\"TB24p51hgFkpuFjSspnXXb4qFXa-1776456424.jpg\" src=\"http://img.springboot.cn/bb1511fc-3483-471f-80e5-c7c81fa5e1dd.jpg\" width=\"790\" height=\"375\"><br></p><p><br></p><p><img alt=\"shouhou.jpg\" src=\"http://img.springboot.cn/698e6fbe-97ea-478b-8170-008ad24030f7.jpg\" width=\"750\" height=\"150\"><br></p><p><img alt=\"999.jpg\" src=\"http://img.springboot.cn/ee276fe6-5d79-45aa-8393-ba1d210f9c89.jpg\" width=\"790\" height=\"351\"><br></p>',999.00,92,1,NULL,'2021-03-24 20:46:31'),
(62,100002,'珞玲珑 电视柜茶几组合套装','质保三年，破损包退换','//img10.360buyimg.com/n7/jfs/t1/125985/36/16019/218600/5f927e0cE1b4c812d/64158ea894bf0439.jpg','//img11.360buyimg.com/n1/jfs/t1/152617/21/2190/242324/5f864e96E29de9971/fb16211595e1d0a0.jpg,//img11.360buyimg.com/n1/jfs/t1/131066/22/17612/65878/5fc2345cEe1ddfbdd/10d63eb1eb86b685.jpg,//img11.360buyimg.com/n1/jfs/t1/140429/5/10567/609119/5f8651f8E91082b5c/11768a5f40595f4d.jpg,//img11.360buyimg.com/n1/jfs/t1/140429/5/10567/609119/5f8651f8E91082b5c/11768a5f40595f4d.jpg','<p><img alt=\"10000.jpg\" src=\"https://img14.360buyimg.com/imgzone/jfs/t1/132019/34/12300/888105/5f8651d6E5eac2cdd/f099a9278235e9d7.jpg\" width=\"790\" height=\"1540\"><br></p><p><img alt=\"20000.jpg\" src=\"https://img14.360buyimg.com/imgzone/jfs/t1/132019/34/12300/888105/5f8651d6E5eac2cdd/f099a9278235e9d7.jpg\" width=\"750\" height=\"1540\"><br></p><p><img alt=\"30000.jpg\" src=\"https://img14.360buyimg.com/imgzone/jfs/t1/154759/12/2134/637407/5f8651e8E24ecd446/a196375c7d8b7cf2.jpg\" width=\"790\" height=\"1507\"><br></p><p><img alt=\"40000.jpg\" src=\"https://img12.360buyimg.com/imgzone/jfs/t1/140933/27/10586/665905/5f8651d8E3da48ce8/ced3ae5a65689c07.jpg\" width=\"790\" height=\"1387\"><br></p><p><img alt=\"50000.jpg\" src=\"https://img10.360buyimg.com/imgzone/jfs/t1/140294/6/10661/792297/5f8651dbEb2d87de6/f15d2b4c1ef170fe.jpg\" width=\"790\" height=\"1446\"><br></p><p><img alt=\"60000.jpg\" src=\"https://img20.360buyimg.com/imgzone/jfs/t1/140664/9/10767/741717/5f8651deEafef4e1f/257f9b1b0dfefc97.jpg\" width=\"790\" height=\"1450\"><br></p><p><br></p><p><img alt=\"TB24p51hgFkpuFjSspnXXb4qFXa-1776456424.jpg\" src=\"//img10.360buyimg.com/imgzone/jfs/t1/122678/25/15017/212303/5f8651ecE029b1b58/00bbb2c5745de6f8.jpg\" width=\"790\" height=\"1021\"><br></p><p><br></p><p><img alt=\"shouhou.jpg\" src=\"https://img30.360buyimg.com/imgzone/jfs/t1/137869/20/10603/284883/5f8651e4Ed499b925/225de206f8dea821.jpg\" width=\"790\" height=\"1030\"><br></p><p><img alt=\"999.jpg\" src=\"https://img30.360buyimg.com/imgzone/jfs/t1/137869/20/10603/284883/5f8651e4Ed499b925/225de206f8dea821.jpg\" width=\"790\" height=\"1030\"><br></p>',899.00,85,1,NULL,'2021-03-25 15:26:28'),
(63,100003,'炊大皇 炒锅','25日仅此一天限时秒!','//img13.360buyimg.com/n5/jfs/t1/165222/27/10933/365958/60457c7dEf8861e09/277a889ae7aac2cf.jpg','//img13.360buyimg.com/n1/jfs/t1/160679/3/10804/291808/60457c8aEb4eb7383/9fd72a298c974687.jpg,//img13.360buyimg.com/n1/jfs/t1/165222/27/10933/365958/60457c7dEf8861e09/277a889ae7aac2cf.jpg,//img13.360buyimg.com/n1/jfs/t1/160246/13/11018/351908/60457c8bE8c7692e2/55fdc1a319e4f0e6.jpg,//img13.360buyimg.com/n1/jfs/t1/160679/3/10804/291808/60457c8aEb4eb7383/9fd72a298c974687.jpg','<p><img alt=\"10000.jpg\" src=\"//img30.360buyimg.com/jgsq-productsoa/jfs/t1/165003/1/13480/151714/6059b1adE917f62b5/c6ac5d891371029a.jpg\" width=\"750\" height=\"200\"><br></p><p><img alt=\"20000.jpg\" src=\"//img30.360buyimg.com/sku/jfs/t1/161474/33/14360/75792/6059599bEec78df93/647d64df6ea068d8.jpg\" width=\"750\" height=\"360\"><br></p>',139.00,85,1,NULL,'2021-03-25 15:26:28'),
(64,100004,'风之意 餐桌',' 购买家具品类满1元返10元优惠券','//img13.360buyimg.com/n5/jfs/t1/42051/37/5340/165703/5cee2b2eE3be75b15/e9a1bc97c3c4f6e1.jpg','//img13.360buyimg.com/n1/jfs/t11281/253/3036942351/169798/c8333f77/5cde8135N3f6f1c24.jpg,//img13.360buyimg.com/n1/jfs/t1/42051/37/5340/165703/5cee2b2eE3be75b15/e9a1bc97c3c4f6e1.jpg,//img13.360buyimg.com/n1/jfs/t11281/253/3036942351/169798/c8333f77/5cde8135N3f6f1c24.jpg,//img13.360buyimg.com/n1/jfs/t1/82061/24/689/81886/5cee2b3bEb744cdcd/b903a186e775edff.jpg','<p><img alt=\"10000.jpg\" src=\"//img10.360buyimg.com/imgzone/jfs/t1/52517/1/7333/96422/5d4fec40Ecbef12aa/d276175ddf5b7fde.jpg\" width=\"990\" height=\"1115\"><br></p><p><img alt=\"20000.jpg\" src=\"http://img30.360buyimg.com/popWaterMark/jfs/t1/50049/30/7352/79787/5d4fec65E70f77dd5/e8ca161c44aa6a17.jpg\" width=\"990\" height=\"897\"><br></p>',1499.00,85,1,NULL,'2021-03-25 21:42:28'),
(66,100005,'木犁 胡桃木实木床现代简约1.8米软靠主卧双人床','木犁官方旗舰店','//img11.360buyimg.com/n7/jfs/t1/161106/38/11620/337063/60484088Ef4c2f44b/a381dd95dcb42ae5.jpg','241997c4-9e62-4824-b7f0-7425c3c28917.jpeg,b6c56eb0-1748-49a9-98dc-bcc4b9788a54.jpeg,92f17532-1527-4563-aa1d-ed01baa0f7b2.jpeg,3adbe4f7-e374-4533-aa79-cc4a98c529bf.jpeg','<p><img alt=\"10000.jpg\" src=\"http://img.springboot.cn/00bce8d4-e9af-4c8d-b205-e6c75c7e252b.jpg\" width=\"790\" height=\"553\"><br></p><p><img alt=\"20000.jpg\" src=\"http://img.springboot.cn/4a70b4b4-01ee-46af-9468-31e67d0995b8.jpg\" width=\"790\" height=\"525\"><br></p><p><img alt=\"30000.jpg\" src=\"http://img.springboot.cn/0570e033-12d7-49b2-88f3-7a5d84157223.jpg\" width=\"790\" height=\"365\"><br></p><p><img alt=\"40000.jpg\" src=\"http://img.springboot.cn/50515c02-3255-44b9-a829-9e141a28c08a.jpg\" width=\"790\" height=\"525\"><br></p><p><img alt=\"50000.jpg\" src=\"http://img.springboot.cn/c138fc56-5843-4287-a029-91cf3732d034.jpg\" width=\"790\" height=\"525\"><br></p><p><img alt=\"60000.jpg\" src=\"http://img.springboot.cn/c92d1f8a-9827-453f-9d37-b10a3287e894.jpg\" width=\"790\" height=\"525\"><br></p><p><br></p><p><img alt=\"TB24p51hgFkpuFjSspnXXb4qFXa-1776456424.jpg\" src=\"http://img.springboot.cn/bb1511fc-3483-471f-80e5-c7c81fa5e1dd.jpg\" width=\"790\" height=\"375\"><br></p><p><br></p><p><img alt=\"shouhou.jpg\" src=\"http://img.springboot.cn/698e6fbe-97ea-478b-8170-008ad24030f7.jpg\" width=\"750\" height=\"150\"><br></p><p><img alt=\"999.jpg\" src=\"http://img.springboot.cn/ee276fe6-5d79-45aa-8393-ba1d210f9c89.jpg\" width=\"790\" height=\"351\"><br></p>',999.00,92,1,NULL,'2021-03-25 21:47:15'),
(67,100006,'品木客 红木家具 非洲花梨','新年全屋定制低至7.9折','//img14.360buyimg.com/n5/jfs/t1/151114/4/15428/260225/5ffe9b6aE83f18fc9/5cb7115e77430309.jpg','//img14.360buyimg.com/n1/jfs/t1/170926/23/2517/245102/5ffe9b8aEdd0a11dd/db19a9246b7efff1.jpg,//img14.360buyimg.com/n1/jfs/t1/151114/4/15428/260225/5ffe9b6aE83f18fc9/5cb7115e77430309.jpg,//img14.360buyimg.com/n1/jfs/t1/167046/13/4508/248634/6011394bEb4b64f49/48dbe974c5bda855.jpg,//img14.360buyimg.com/n1/jfs/t1/70239/12/15601/475328/5dcfd4e6E11d8ea46/c7130ef4609baefb.jpg','<p><img alt=\"10000.jpg\" src=\"http://img10.360buyimg.com/imgzone/jfs/t1/99030/17/5554/168044/5dee183eE95f47767/0b10a4830a60e6ff.jpg\" width=\"990\" height=\"538\"><br></p><p><img alt=\"20000.jpg\" src=\"http://img10.360buyimg.com/imgzone/jfs/t1/97644/9/5552/204386/5dee183fE5d036999/94fb343eab6609d8.jpg\" width=\"990\" height=\"502\"><br></p>',139.00,86,1,NULL,'2021-03-26 00:02:24'),
(68,100007,'全友 沙发现代简约客厅','每满300减40上不封顶','//img11.360buyimg.com/cms/jfs/t1/19841/11/3391/136181/5c26dcb2E707116b8/ccbb5a93e797cd94.jpg','//img13.360buyimg.com/n1/jfs/t1/105627/12/10838/125043/5e216badE47b2dad1/4baf44d5e0b6c2c5.jpg,//img13.360buyimg.com/n1/jfs/t1/105627/12/10838/125043/5e216badE47b2dad1/4baf44d5e0b6c2c5.jpg,//img13.360buyimg.com/n1/jfs/t1/100989/5/10890/205699/5e216badEcb7bd891/51cbf858ff8996e1.jpg,//img13.360buyimg.com/n1/jfs/t1/108867/17/4539/181028/5e216badE5e3371b6/6197495f07162ad5.jpg','<p><img alt=\"10000.jpg\" src=\"http://img30.360buyimg.com/popWaterMark/jfs/t1/96700/31/10912/243749/5e216cceE347ff278/011fd3bc53ec5112.jpg\" width=\"790\" height=\"1144\"><br></p><p><img alt=\"20000.jpg\" src=\"http://img30.360buyimg.com/popWaterMark/jfs/t1/103874/22/10881/131057/5e216cceE8ce8b22a/6c4727be07b7f2bd.jpg\" width=\"790\" height=\"923\"><br></p><p><img alt=\"30000.jpg\" src=\"http://img30.360buyimg.com/popWareDetail/jfs/t1/126657/13/10542/201130/5f435ad7E3c06faf7/dd92102c518b2c60.jpg\" width=\"790\" height=\"790\"><br></p><p><img alt=\"40000.jpg\" src=\"http://img30.360buyimg.com/popWaterMark/jfs/t1/98061/21/10693/199334/5e216cceE4bb04ef1/1b59e10b909b8874.jpg\" width=\"790\" height=\"1028\"><br></p>',9502.00,86,1,NULL,'2021-03-26 00:14:54'),
(69,100007,'Ashley爱室丽','限时返现3%，6期免息','//img11.360buyimg.com/cms/jfs/t1/6659/28/11286/220585/5c26dedeEb51420e3/e4b1155a1cac8b46.jpg','//img12.360buyimg.com/n1/jfs/t1/134003/38/8305/162903/5f4611f8E32ba0a48/754b67d006244edf.jpg,//img12.360buyimg.com/n1/jfs/t1/86378/9/13342/170850/5e55cb19Ec12b8418/c19aac09df8c2b60.jpg,//img12.360buyimg.com/n1/jfs/t1/108598/14/7021/108688/5e55cb19E7cfa5fdb/e3bd491102a333ae.jpg,//img12.360buyimg.com/n1/jfs/t1/103047/17/13334/186987/5e55cb19Ea314cdfc/81916f435bd9dfe7.jpg','<p><img alt=\"10000.jpg\" src=\"//img10.360buyimg.com/imgzone/jfs/t1/18692/2/10947/216547/5c8a1ed4E189cdf75/8f81f62af1081087.jpg\" width=\"790\" height=\"1189\"><br></p><p><img alt=\"20000.jpg\" src=\"//img10.360buyimg.com/imgzone/jfs/t1/22927/4/10637/107591/5c8a1ed4E5c98f66f/246817420b579579.jpg\" width=\"790\" height=\"991\"><br></p><p><img alt=\"30000.jpg\" src=\"//img10.360buyimg.com/imgzone/jfs/t1/16289/11/10723/175109/5c8a1ed4E182c5594/c4d09940fa04cf55.jpg\" width=\"790\" height=\"720\"><br></p><p><img alt=\"40000.jpg\" src=\"//img10.360buyimg.com/imgzone/jfs/t1/11763/19/11628/122843/5c8a1ed4E11149793/173aeb977a7f5627.jpg\" width=\"790\" height=\"560\"><br></p>',9199.00,86,1,NULL,'2021-03-26 00:20:51'),
(70,100007,'全友家居 板式床韩式田园卧室','今日限时抢立减650，到手价2479','//img14.360buyimg.com/cms/jfs/t15697/61/1598567326/173264/1817b62f/5a56cb73N287df46d.jpg','//img14.360buyimg.com/n1/jfs/t1/92308/18/3918/430139/5de48790E0101c443/4ddbb7ad13eec231.jpg,//img14.360buyimg.com/n1/jfs/t1/95154/30/4023/433167/5de4878dEe29246b3/657efb6ab84d8c47.jpg,//img14.360buyimg.com/n1/jfs/t1/92308/18/3918/430139/5de48790E0101c443/4ddbb7ad13eec231.jpg,//img14.360buyimg.com/n1/jfs/t1/89387/29/3973/431616/5de48794E2e2311cb/3d987d4fefbe7881.jpg','<p><img alt=\"10000.jpg\" src=\"http://img30.360buyimg.com/sku/jfs/t1/66373/8/17334/185273/5de4a1e7E8b37996d/dc96a6bd58420e6b.jpg\" width=\"750\" height=\"834\"><br></p><p><img alt=\"20000.jpg\" src=\"http://img30.360buyimg.com/sku/jfs/t1/89945/39/4057/178976/5de4a1e0Ec3f51084/5cba74b81dc47c47.jpg\" width=\"750\" height=\"1266\"><br></p>',3129.00,85,1,NULL,'2021-03-26 00:26:10'),
(71,100007,'祥蕴阁红木家具非洲花梨','厂家直销.国标证书.假一赔十.支持检测.品质保证','//img11.360buyimg.com/cms/jfs/t1/70183/21/12478/324402/5d9fe51dEb67febcd/bd6962b950c1cde9.jpg','//img13.360buyimg.com/n1/jfs/t1/121202/39/8186/756361/5f2228bbE3f00dbfa/f58282b3b390c719.jpg,//img13.360buyimg.com/n1/jfs/t1/150257/3/4022/209663/5f2228e5E60afb1dc/40d14703915e2dd1.jpg,//img13.360buyimg.com/n1/jfs/t1/124746/38/8320/709496/5f2228bbE124e89ae/40729f64183c4d05.jpg,//img13.360buyimg.com/n1/jfs/t1/121202/39/8186/756361/5f2228bbE3f00dbfa/f58282b3b390c719.jpg','<p><img alt=\"10000.jpg\" src=\"http://img13.360buyimg.com/imgzone/jfs/t1/115136/2/3445/171397/5ea7f48cEe7a00dbc/c04dbbdcf1ef64c3.jpg\" width=\"790\" height=\"1185\"><br></p><p><img alt=\"20000.jpg\" src=\"//img10.360buyimg.com/imgzone/jfs/t1/132276/12/5258/543978/5f1bf1c2E5b46e8db/6f08f5b128861a81.jpg\" width=\"790\" height=\"758\"><br></p>',35260.00,84,1,NULL,'2021-03-26 00:45:12'),
(72,100007,'蓓影 床北欧实木床','全实木.专注品质和服务','//img10.360buyimg.com/cms/jfs/t1/3039/15/4167/121385/5b9bb1faE039c313b/ed6e5895607abaa3.jpg','//img14.360buyimg.com/n1/jfs/t1/156044/30/11127/251824/60387d48Ef86616b0/cdc30c8f82d78b1e.jpg,//img14.360buyimg.com/n1/jfs/t1/169807/20/6429/486227/602606a6Ed45e7fae/4d2a1386754d530c.jpg,//img14.360buyimg.com/n1/jfs/t1/166642/8/6345/525009/602607a3Ef52de4a4/1daa0adca7464a67.jpg,//img14.360buyimg.com/n1/jfs/t1/169846/21/6365/558362/602606a6Eb1b1217e/a8ee7b36c33ff3f1.jpg','<p><img alt=\"10000.jpg\" src=\"//img10.360buyimg.com/imgzone/jfs/t1/157684/13/7186/685036/60260818E29261cd3/85a8e69548e86792.jpg\" width=\"990\" height=\"1086\"><br></p><p><img alt=\"20000.jpg\" src=\"//img10.360buyimg.com/imgzone/jfs/t1/162876/12/5903/609154/60260817Eeff4ea69/5c854abde818a5b8.jpg\" width=\"990\" height=\"1209\"><br></p>',999.00,83,1,NULL,'2021-03-26 00:49:45'),
(73,100008,'优漫佳 儿童床实木高低床','【限时秒杀】仅限3月26日，仅限24小时','//img12.360buyimg.com/cms/jfs/t1/31958/30/14489/32687/5cbea6cdEb8670921/43fdc33a6e897689.jpg','//img12.360buyimg.com/n1/jfs/t1/159250/29/12192/108329/6048312dE7fa6aa75/c3edfefee76bfff4.jpg,//img12.360buyimg.com/n1/jfs/t1/155574/37/12721/236459/604189eaEa36b2708/767d5f2f5469b0e2.jpg,//img12.360buyimg.com/n1/jfs/t1/160545/38/14835/291333/605c25e9Eb4255c22/d088d0fe560d1f96.jpg,//img12.360buyimg.com/n1/jfs/t1/46669/13/10551/126462/5d78682eE56a9ed25/a50749cf7dbc94f8.jpg','<p><img alt=\"10000.jpg\" src=\"http://img10.360buyimg.com/imgzone/jfs/t1/169820/13/14275/156802/60593f47E75dd8166/e24a14f58399a037.jpg\" width=\"750\" height=\"902\"><br></p><p><img alt=\"20000.jpg\" src=\"http://img10.360buyimg.com/imgzone/jfs/t1/159310/20/14917/86630/60593f47E43382b42/995921ef0b94f51c.jpg\" width=\"750\" height=\"728\"><br></p>',4179.00,90,1,'2000-04-13 18:51:54','2021-03-26 01:22:11'),
(74,100008,'慕思 进口天然乳胶床垫','慕思家具自营旗舰店','//img14.360buyimg.com/cms/jfs/t1/87578/36/16383/17171/5e7ac70eE5dc67a93/d7df994b59dc302f.jpg','//img10.360buyimg.com/n1/jfs/t1/161747/14/14343/172174/60598dacEb0ae243e/5abba2e3a08b1f5a.jpg,//img10.360buyimg.com/n1/jfs/t1/89206/2/4787/151649/5de8f81cE1c5f07cb/5ed93d800442f439.jpg,//img10.360buyimg.com/n1/jfs/t1/85055/18/4720/264115/5de8f819E7ac1430f/460be70afa3b0534.jpg,//img10.360buyimg.com/n1/jfs/t1/84871/31/4707/80257/5de8f827E16f89991/7458eb42ac6e65cd.jpg','<p><img alt=\"10000.jpg\" src=\"http://img30.360buyimg.com/sku/jfs/t1/149153/26/4534/688142/5f29143aE35c6d5a4/762ad5ccb155b929.jpg\" width=\"750\" height=\"1059\"><br></p><p><img alt=\"20000.jpg\" src=\"http://img30.360buyimg.com/sku/jfs/t1/131175/23/6071/282233/5f291432Ebbe8c065/1d5801866689ff14.jpg\" width=\"790\" height=\"722\"><br></p>',2058.00,93,1,'2000-04-13 18:51:54','2021-03-26 01:28:40'),
(75,100008,'公熊家具 床实木床简约现代卧室','此商品正在参加品牌特卖请速从购','//img11.360buyimg.com/cms/jfs/t1/83320/32/10595/27284/5d804d60E823ee8d9/13283eb53f707ade.jpg','//img12.360buyimg.com/n1/jfs/t1/119347/37/18917/120567/5f818103Ed2c02407/78bc35c551915e99.jpg,//img12.360buyimg.com/n1/jfs/t1/129542/34/9634/140124/5f37aca3E1aca0826/3c493400f9858f16.jpg,//img12.360buyimg.com/n1/jfs/t1/117408/40/20005/169697/5f818104Ee34c5603/ddbda4433857c18a.jpg,//img12.360buyimg.com/n1/jfs/t1/128672/34/14400/202886/5f818104E669c7707/a61562ccf6184abb.jpg','<p><img alt=\"10000.jpg\" src=\"http://img10.360buyimg.com/imgzone/jfs/t30643/130/838782407/213630/4d025a4d/5bff81b9Na8e355f7.jpg\" width=\"990\" height=\"1089\"><br></p><p><img alt=\"20000.jpg\" src=\"http://img10.360buyimg.com/imgzone/jfs/t27748/27/1348128479/409399/6b3c0490/5bff81baNb0dbadd8.jpg\" width=\"990\" height=\"1102\"><br></p>',1190.00,96,1,'2000-04-13 18:51:54','2021-03-26 01:32:41'),
(76,100008,'雅之神 餐桌实木餐桌椅组合','现货闪发，24小时发货！','//img11.360buyimg.com/cms/jfs/t1/112695/24/10893/43063/5ef7fd84E8c175890/4c5c8395164e83d3.jpg','//img10.360buyimg.com/n1/jfs/t1/133395/27/5276/190421/5f1aa6b1E3df6b780/520443e4ebd5455b.jpg,//img10.360buyimg.com/n1/jfs/t1/133395/27/5276/190421/5f1aa6b1E3df6b780/520443e4ebd5455b.jpg,//img10.360buyimg.com/n1/jfs/t1/141003/6/3651/211458/5f1aa613Ec3a879ea/8c6ad7d35352ec93.jpg,//img10.360buyimg.com/n1/jfs/t1/133395/27/5276/190421/5f1aa6b1E3df6b780/520443e4ebd5455b.jpg','<p><img alt=\"10000.jpg\" src=\"http://img10.360buyimg.com/imgzone/jfs/t1/160928/39/7911/447262/603759a3E35844844/134b7953d5ed0d36.jpg\" width=\"990\" height=\"906\"><br></p><p><img alt=\"20000.jpg\" src=\"http://img10.360buyimg.com/imgzone/jfs/t1/167605/26/7512/954260/6034aac0Ef2ba5b88/2a7764cf706d04b6.jpg\" width=\"990\" height=\"2117\"><br></p>',2058.00,95,1,'2000-04-13 18:51:54','2021-03-26 01:17:26'),
(77,100009,'IKEA宜家TYSSEDAL提赛尔床架','此商品3月27日开卖，请提前加购！','https://img.alicdn.com/imgextra/i1/2207239419714/O1CN01pDiuMG2Ld40d6Fbvj_!!2207239419714.png','https://img.alicdn.com/imgextra/i2/2207239419714/O1CN01dFujqn2Ld43GAf4xT_!!0-item_pic.jpg_430x430q90.jpg,https://img.alicdn.com/imgextra/i3/2207239419714/O1CN01VR1NFX2Ld40fPO7la_!!2207239419714.jpg_430x430q90.jpg,https://img.alicdn.com/imgextra/i1/2207239419714/O1CN01NuKo6p2Ld40f463j0_!!2207239419714.jpg_430x430q90.jpg,https://img.alicdn.com/imgextra/i1/2207239419714/O1CN017SALgY2Ld40aVboXU_!!2207239419714.jpg_430x430q90.jpg','<p><img alt=\"10000.jpg\" src=\"https://img.alicdn.com/imgextra/i3/2207239419714/O1CN01Ww5M5k2Ld40bBoe02_!!2207239419714.png\" width=\"790\" height=\"1546\"><br></p><p><img alt=\"20000.jpg\" src=\"https://img.alicdn.com/imgextra/i3/2207239419714/O1CN01ZbN4oH2Ld40X1x6bp_!!2207239419714.png\" width=\"790\" height=\"1546\"><br></p>',2758.00,95,1,'2000-04-13 18:51:54','2021-03-26 02:52:18'),
(81,100004,'木以成居 电脑桌书桌2',NULL,'//img11.360buyimg.com/n7/jfs/t1/81971/39/7259/197120/5d553189E7d11a683/7cd010758af46545.jpg',NULL,NULL,109.00,99,1,'2021-03-28 12:49:03','2021-03-28 12:57:17'),
(83,100001,'测试添加商品',NULL,'//img11.360buyimg.com/n7/jfs/t1/165592/27/14851/208893/605d44f1E1a722c77/c666d3ce89792351.jpg',NULL,NULL,5143.00,5143,1,'2021-05-14 23:34:42','2021-05-14 23:34:42'),
(85,100001,'测试添加商品12312',NULL,'//img11.360buyimg.com/n7/jfs/t1/165592/27/14851/208893/605d44f1E1a722c77/c666d3ce89792351.jpg',NULL,NULL,998.00,43,1,'2021-05-15 20:42:19','2021-05-15 20:42:19');

/*Table structure for table `mall_shipping` */

DROP TABLE IF EXISTS `mall_shipping`;

CREATE TABLE `mall_shipping` (
  `id` int(11) NOT NULL AUTO_INCREMENT,
  `user_id` int(11) DEFAULT NULL COMMENT '用户id',
  `receiver_name` varchar(20) DEFAULT NULL COMMENT '收货姓名',
  `receiver_phone` varchar(20) DEFAULT NULL COMMENT '收货固定电话',
  `receiver_mobile` varchar(20) DEFAULT NULL COMMENT '收货移动电话',
  `receiver_province` varchar(20) DEFAULT NULL COMMENT '省份',
  `receiver_city` varchar(20) DEFAULT NULL COMMENT '城市',
  `receiver_district` varchar(20) DEFAULT NULL COMMENT '区/县',
  `receiver_address` varchar(200) DEFAULT NULL COMMENT '详细地址',
  `receiver_zip` varchar(6) DEFAULT NULL COMMENT '邮编',
  `create_time` datetime DEFAULT CURRENT_TIMESTAMP,
  `update_time` datetime DEFAULT CURRENT_TIMESTAMP ON UPDATE CURRENT_TIMESTAMP,
  PRIMARY KEY (`id`)
) ENGINE=InnoDB AUTO_INCREMENT=22 DEFAULT CHARSET=utf8;

/*Data for the table `mall_shipping` */

insert  into `mall_shipping`(`id`,`user_id`,`receiver_name`,`receiver_phone`,`receiver_mobile`,`receiver_province`,`receiver_city`,`receiver_district`,`receiver_address`,`receiver_zip`,`create_time`,`update_time`) values 
(5,2,'陈陶然','012','18406656110','广东省','梅州','五华县','五华','514400',NULL,'2021-03-23 12:51:45'),
(6,1,'陈陶然2','012','18406656110','广东省','梅州','白云区','五华','514400','2021-03-17 14:17:32','2021-03-17 14:43:42'),
(7,19,'陈陶然',NULL,'18406656110','广东省','广州','白云区','天河学院','514400','2021-03-28 13:30:36','2021-03-28 13:30:36'),
(16,23,'陈陶然',NULL,'18406656110','广东省','广州','白云区','19栋','000000','2021-04-03 21:38:58','2021-04-03 21:38:58'),
(17,25,'陈陶然',NULL,'18406656110','广东省','广州','白云区','广州理工','514400','2021-05-14 23:23:47','2021-05-14 23:23:47'),
(18,26,'陈陶然',NULL,'18406656110','广东省','广州','白云区','广州理工','514400','2021-05-14 23:32:55','2021-05-14 23:32:55'),
(19,27,'陈陶然',NULL,'18406656110','广东省','广州','白云区','广州理工学院','514400','2021-05-15 00:39:43','2021-05-15 00:39:43'),
(20,28,'陈陶然',NULL,'18406656110','广东省','广州','白云区','广州理工','514400','2021-05-15 20:39:02','2021-05-15 20:39:02'),
(21,28,'陈陶然',NULL,'18406656110','广东省','广州','白云区','广州理工','514400','2021-05-15 20:39:03','2021-05-15 20:39:03');

/*Table structure for table `mall_user` */

DROP TABLE IF EXISTS `mall_user`;

CREATE TABLE `mall_user` (
  `id` int(11) NOT NULL AUTO_INCREMENT COMMENT '用户表id',
  `username` varchar(50) NOT NULL COMMENT '用户名',
  `password` varchar(50) NOT NULL COMMENT '用户密码，MD5加密',
  `email` varchar(50) DEFAULT NULL,
  `phone` varchar(20) DEFAULT NULL,
  `create_time` datetime NOT NULL DEFAULT CURRENT_TIMESTAMP COMMENT '创建时间',
  `update_time` datetime NOT NULL DEFAULT CURRENT_TIMESTAMP ON UPDATE CURRENT_TIMESTAMP COMMENT '最后一次更新时间',
  PRIMARY KEY (`id`),
  UNIQUE KEY `user_name_unique` (`username`) USING BTREE
) ENGINE=InnoDB AUTO_INCREMENT=29 DEFAULT CHARSET=utf8;

/*Data for the table `mall_user` */

insert  into `mall_user`(`id`,`username`,`password`,`email`,`phone`,`create_time`,`update_time`) values 
(1,'admin','21232F297A57A5A743894A0E4A801FC3','admin@qq.com',NULL,'2000-08-06 15:12:00','2000-08-06 15:12:00'),
(2,'ctr','38d30e6bed1cde762036e69508b958b4','673132106@qq.com',NULL,'2021-03-14 23:34:18','2021-03-14 23:34:18'),
(12,'673132106','7a1a2a3fdc5e1d1b33cc5e99231cb071','23123',NULL,'2021-03-21 13:31:48','2021-03-21 13:31:48'),
(13,'ctr163','e10adc3949ba59abbe56e057f20f883e','673132106@163.com',NULL,'2021-03-21 13:32:30','2021-03-21 13:32:30'),
(14,'ctrr','e10adc3949ba59abbe56e057f20f883e','123@163.com',NULL,'2021-03-22 17:33:39','2021-03-22 17:33:39'),
(15,'ctr123','539cccffce5e7bb5c9fd57d329f879e9','2131235143@163.com',NULL,'2021-03-24 15:53:23','2021-03-27 20:55:13'),
(16,'admin123','e10adc3949ba59abbe56e057f20f883e','12312admin321@qq.com',NULL,'2021-03-27 19:12:40','2021-03-27 19:12:40'),
(20,'ceshi43','e10adc3949ba59abbe56e057f20f883e','cheshi43@163.com',NULL,'2021-04-03 14:05:47','2021-04-03 14:05:47'),
(23,'cs23','e10adc3949ba59abbe56e057f20f883e','cs23@163.com',NULL,'2021-04-03 21:38:24','2021-04-03 21:38:24'),
(28,'ctr123456','e10adc3949ba59abbe56e057f20f883e','ctr1633333@163.com',NULL,'2021-05-15 20:37:30','2021-05-15 20:37:30');

/*!40101 SET SQL_MODE=@OLD_SQL_MODE */;
/*!40014 SET FOREIGN_KEY_CHECKS=@OLD_FOREIGN_KEY_CHECKS */;
/*!40014 SET UNIQUE_CHECKS=@OLD_UNIQUE_CHECKS */;
/*!40111 SET SQL_NOTES=@OLD_SQL_NOTES */;
